{
  "id": "",
  "name": "",
  "font_family": "iconfont",
  "css_prefix_text": "icon-",
  "description": "",
  "glyphs": [
    {
      "icon_id": "746361",
      "name": "产品",
      "font_class": "chanpin",
      "unicode": "e6ac",
      "unicode_decimal": 59052
    },
    {
      "icon_id": "2414664",
      "name": "铃",
      "font_class": "ling",
      "unicode": "e50d",
      "unicode_decimal": 58637
    },
    {
      "icon_id": "5283262",
      "name": "服务",
      "font_class": "fuwu",
      "unicode": "e6df",
      "unicode_decimal": 59103
    },
    {
      "icon_id": "6475480",
      "name": "我的",
      "font_class": "wode-",
      "unicode": "e60c",
      "unicode_decimal": 58892
    },
    {
      "icon_id": "7106888",
      "name": "首页",
      "font_class": "shouye",
      "unicode": "e609",
      "unicode_decimal": 58889
    },
    {
      "icon_id": "12550412",
      "name": "左对齐",
      "font_class": "zuoduiqi",
      "unicode": "e62c",
      "unicode_decimal": 58924
    },
    {
      "icon_id": "12550673",
      "name": "搜索",
      "font_class": "sousuo",
      "unicode": "e63c",
      "unicode_decimal": 58940
    }
  ]
}
