{
  "id": "",
  "name": "",
  "font_family": "iconfont",
  "css_prefix_text": "icon-",
  "description": "",
  "glyphs": [
    {
      "icon_id": "417159",
      "name": "触屏版",
      "font_class": "hongpingban",
      "unicode": "e605",
      "unicode_decimal": 58885
    },
    {
      "icon_id": "788156",
      "name": "电脑版",
      "font_class": "diannaoban",
      "unicode": "e60b",
      "unicode_decimal": 58891
    },
    {
      "icon_id": "5516877",
      "name": "更多",
      "font_class": "gengduo",
      "unicode": "e614",
      "unicode_decimal": 58900
    },
    {
      "icon_id": "12550673",
      "name": "搜索",
      "font_class": "sousuo",
      "unicode": "e63c",
      "unicode_decimal": 58940
    }
  ]
}
